               epoch,      train/box_loss,      train/obj_loss,      train/cls_loss,   metrics/precision,      metrics/recall,     metrics/mAP_0.5,metrics/mAP_0.5:0.95,        val/box_loss,        val/obj_loss,        val/cls_loss,               x/lr0,               x/lr1,               x/lr2
                   0,             0.13084,            0.022128,            0.030035,          0.00016076,             0.04717,          0.00011221,          1.8137e-05,             0.12984,            0.017816,            0.029277,              0.0964,              0.0004,              0.0004
                   1,             0.11298,            0.023427,            0.030046,           0.0024648,             0.72642,            0.010839,           0.0023952,            0.089511,            0.018627,            0.029277,            0.091896,          0.00089554,          0.00089554
                   2,            0.092227,            0.025763,            0.028785,           0.0029188,             0.85849,            0.031442,           0.0091271,            0.074646,            0.017934,             0.02748,            0.087386,           0.0013861,           0.0013861
                   3,            0.080294,            0.024141,            0.027267,             0.04324,             0.81132,             0.15183,            0.042543,            0.069303,            0.016397,            0.027201,            0.082872,           0.0018718,           0.0018718
                   4,            0.073618,            0.025229,            0.026403,             0.34954,             0.25538,             0.22125,            0.072449,            0.059182,            0.015927,            0.026978,            0.078352,           0.0023525,           0.0023525
                   5,            0.064231,            0.023403,             0.02708,             0.23731,             0.37736,             0.22471,            0.063076,            0.054891,            0.014623,            0.026284,            0.073828,           0.0028282,           0.0028282
                   6,            0.063842,            0.022415,            0.026528,            0.085569,             0.16981,            0.083698,            0.021102,            0.056404,             0.01364,            0.026013,            0.069299,            0.003299,            0.003299
                   7,            0.060497,             0.02396,            0.026161,             0.29327,             0.42453,             0.24117,            0.067919,            0.062916,            0.012264,            0.025721,            0.064765,           0.0037649,           0.0037649
                   8,            0.058441,            0.020133,            0.026522,             0.28392,             0.39623,             0.22597,            0.072945,            0.057916,            0.012058,            0.025541,            0.060226,           0.0042258,           0.0042258
                   9,            0.059413,            0.020832,             0.02629,            0.057836,             0.26415,            0.070341,            0.027641,            0.061775,            0.011043,            0.025616,            0.055682,           0.0046817,           0.0046817
                  10,            0.061772,            0.017092,            0.025847,             0.32968,                 0.5,             0.30465,            0.095403,            0.059587,            0.010528,            0.025844,            0.051133,           0.0051327,           0.0051327
                  11,            0.060773,            0.019311,            0.026214,             0.38794,              0.5566,             0.39489,              0.1619,            0.057565,            0.010164,            0.025694,            0.046579,           0.0055787,           0.0055787
                  12,            0.056734,            0.019485,            0.025815,             0.41218,             0.50943,             0.43061,             0.12651,            0.060283,            0.009603,            0.025604,             0.04202,           0.0060198,           0.0060198
                  13,            0.056522,            0.018462,            0.026003,             0.43245,             0.41509,              0.4085,             0.15301,            0.055033,           0.0097704,            0.025867,            0.037456,            0.006456,            0.006456
                  14,            0.054675,            0.018591,             0.02569,             0.31626,              0.5566,             0.38559,             0.16664,            0.047172,           0.0093919,             0.02581,            0.032887,           0.0068872,           0.0068872
                  15,            0.051079,            0.016814,            0.026041,             0.31174,             0.53774,             0.37513,             0.18652,            0.045917,           0.0092268,            0.026093,            0.028313,           0.0073134,           0.0073134
                  16,            0.049657,            0.017668,            0.026046,              0.4507,             0.57611,             0.48022,             0.22282,            0.050189,           0.0083033,            0.026099,            0.023735,           0.0077347,           0.0077347
                  17,            0.053623,            0.016727,            0.026073,             0.31228,             0.61321,             0.38467,             0.18523,            0.049567,           0.0080352,             0.02607,            0.019151,           0.0081511,           0.0081511
                  18,            0.052166,            0.017653,            0.025611,             0.41856,             0.57547,             0.41866,             0.16653,            0.056253,           0.0076577,            0.026068,            0.014562,           0.0085625,           0.0085625
                  19,            0.050059,            0.015895,            0.025573,             0.33874,             0.51456,             0.35595,             0.13887,            0.053585,           0.0076855,            0.025877,           0.0099689,           0.0089689,           0.0089689
                  20,            0.050273,            0.014946,            0.025366,             0.21358,             0.62264,             0.29843,             0.13415,            0.052174,           0.0073358,            0.025576,             0.00901,             0.00901,             0.00901
                  21,            0.049402,            0.013576,            0.024903,             0.36704,             0.59434,             0.41941,             0.19993,            0.051854,           0.0069863,             0.02573,             0.00901,             0.00901,             0.00901
                  22,            0.044457,            0.015724,            0.025509,             0.40694,             0.64151,             0.45146,             0.17819,            0.059856,           0.0064109,              0.0257,           0.0089605,           0.0089605,           0.0089605
                  23,            0.048028,             0.01366,            0.025494,              0.4995,             0.70999,             0.55828,             0.29224,            0.034859,           0.0070567,            0.025621,            0.008911,            0.008911,            0.008911
                  24,            0.043062,            0.014756,            0.024788,             0.33781,             0.56098,              0.3487,             0.16087,            0.050598,           0.0064902,            0.025368,           0.0088615,           0.0088615,           0.0088615
                  25,            0.044563,            0.013549,            0.025561,             0.44482,             0.71556,             0.55984,              0.2865,            0.045628,           0.0061474,            0.025315,            0.008812,            0.008812,            0.008812
                  26,            0.044775,            0.012085,            0.026022,             0.31868,             0.74528,             0.47335,              0.2603,            0.036304,           0.0063694,            0.025183,           0.0087625,           0.0087625,           0.0087625
                  27,            0.039325,            0.011516,             0.02554,             0.39256,             0.65531,             0.53159,             0.24896,             0.04112,             0.00595,            0.025234,            0.008713,            0.008713,            0.008713
                  28,            0.038297,            0.010879,             0.02541,             0.42996,             0.70886,             0.54719,             0.28314,            0.042586,           0.0056071,            0.025106,           0.0086635,           0.0086635,           0.0086635
                  29,            0.041286,            0.010546,            0.024685,             0.39285,             0.79245,             0.53513,             0.26035,            0.039224,           0.0054607,            0.024996,            0.008614,            0.008614,            0.008614
                  30,            0.041512,            0.011415,            0.024993,              0.4937,             0.91509,             0.64383,             0.36362,            0.034585,           0.0054685,            0.024782,           0.0085645,           0.0085645,           0.0085645
                  31,            0.038276,           0.0096672,            0.024439,             0.49537,             0.91968,              0.6696,             0.28773,            0.041695,           0.0052092,            0.024587,            0.008515,            0.008515,            0.008515
                  32,            0.041913,            0.010748,            0.025097,             0.49473,             0.88679,              0.6785,             0.33799,            0.035613,           0.0051324,            0.024382,           0.0084655,           0.0084655,           0.0084655
                  33,            0.039226,            0.010369,             0.02451,             0.44814,             0.86184,             0.62698,             0.32372,            0.038403,           0.0049353,            0.024095,            0.008416,            0.008416,            0.008416
                  34,            0.036783,           0.0090464,            0.023606,             0.48938,             0.89623,             0.68054,             0.42659,            0.035091,           0.0049285,            0.023487,           0.0083665,           0.0083665,           0.0083665
                  35,            0.036178,            0.010648,            0.022945,             0.50121,             0.89623,              0.6894,             0.45237,            0.030176,            0.004929,            0.022731,            0.008317,            0.008317,            0.008317
                  36,            0.035623,            0.010535,             0.02339,             0.46722,             0.87736,             0.71556,             0.38573,            0.034273,            0.004926,            0.022059,           0.0082675,           0.0082675,           0.0082675
                  37,            0.034026,           0.0085635,            0.022868,             0.51139,             0.88679,             0.73462,             0.39131,            0.041794,           0.0045508,            0.020755,            0.008218,            0.008218,            0.008218
                  38,            0.040752,           0.0086372,            0.021658,              0.4561,             0.91116,             0.75665,             0.47004,            0.031321,           0.0046438,            0.019318,           0.0081685,           0.0081685,           0.0081685
                  39,            0.033856,           0.0088468,            0.020566,              0.4654,             0.89623,             0.75119,             0.42217,            0.034401,           0.0046123,            0.018434,            0.008119,            0.008119,            0.008119
                  40,            0.030787,           0.0094208,            0.019664,             0.71003,             0.59715,             0.75043,             0.42953,            0.037477,           0.0045923,            0.017481,           0.0080695,           0.0080695,           0.0080695
                  41,            0.038355,           0.0074885,            0.018846,             0.70572,             0.60111,             0.73233,             0.48005,            0.034555,           0.0044985,             0.01591,             0.00802,             0.00802,             0.00802
                  42,            0.034868,           0.0077922,             0.01818,             0.88731,             0.58305,             0.81543,             0.51891,            0.031426,           0.0045254,            0.014749,           0.0079705,           0.0079705,           0.0079705
                  43,            0.032924,           0.0072247,             0.01737,              0.7847,             0.57655,             0.75215,             0.42709,             0.04348,           0.0044516,            0.013474,            0.007921,            0.007921,            0.007921
                  44,            0.037591,           0.0082603,            0.017248,             0.59027,             0.84058,             0.77414,             0.49572,            0.029265,           0.0045133,            0.012769,           0.0078715,           0.0078715,           0.0078715
                  45,            0.032528,           0.0073011,             0.01589,             0.66931,             0.80633,             0.84776,             0.50657,            0.035318,           0.0043501,            0.011835,            0.007822,            0.007822,            0.007822
                  46,            0.032359,           0.0072833,            0.015163,             0.74783,             0.78459,             0.87273,              0.4137,            0.036417,           0.0043464,            0.010927,           0.0077725,           0.0077725,           0.0077725
                  47,            0.034943,           0.0084566,             0.01459,             0.87477,             0.85651,              0.9336,              0.5456,            0.030008,           0.0043026,           0.0099106,            0.007723,            0.007723,            0.007723
                  48,             0.03583,           0.0067678,            0.012737,             0.80477,             0.84849,             0.89173,             0.53496,            0.033172,           0.0041768,           0.0090871,           0.0076735,           0.0076735,           0.0076735
                  49,            0.033302,           0.0065302,            0.011597,             0.87373,             0.84653,             0.92579,             0.52409,            0.036632,            0.004142,           0.0077738,            0.007624,            0.007624,            0.007624
                  50,            0.036264,           0.0067679,            0.011459,             0.96302,             0.94765,             0.95653,             0.53619,            0.033903,           0.0038658,           0.0068041,           0.0075745,           0.0075745,           0.0075745
                  51,            0.033077,           0.0068188,            0.010056,             0.68987,             0.86217,             0.82835,             0.47724,            0.032834,           0.0040646,           0.0064304,            0.007525,            0.007525,            0.007525
                  52,            0.033637,           0.0058831,            0.010212,             0.89711,             0.80189,              0.9071,             0.44167,            0.034534,           0.0038991,           0.0055723,           0.0074755,           0.0074755,           0.0074755
                  53,            0.031879,           0.0074296,           0.0090599,             0.79323,              0.8776,             0.90761,              0.5482,            0.031922,           0.0038323,           0.0044852,            0.007426,            0.007426,            0.007426
                  54,            0.035397,           0.0064947,           0.0077724,             0.87277,             0.95921,             0.96867,             0.61932,             0.03043,           0.0036891,           0.0042779,           0.0073765,           0.0073765,           0.0073765
                  55,            0.032143,           0.0064488,           0.0071319,             0.97798,             0.94127,             0.98523,             0.65543,            0.031638,           0.0036586,           0.0040159,            0.007327,            0.007327,            0.007327
                  56,            0.033146,           0.0073824,           0.0071239,             0.91746,              0.8693,             0.95265,              0.6325,            0.031481,           0.0036143,           0.0045151,           0.0072775,           0.0072775,           0.0072775
                  57,            0.034215,           0.0062895,            0.007189,             0.95825,             0.92453,             0.96383,             0.63241,            0.029589,           0.0035001,           0.0037792,            0.007228,            0.007228,            0.007228
                  58,            0.028596,           0.0060951,           0.0058869,             0.93535,               0.929,             0.95916,             0.45895,            0.036707,             0.00376,           0.0033389,           0.0071785,           0.0071785,           0.0071785
                  59,            0.032332,           0.0061935,           0.0080131,             0.98896,             0.95283,             0.98836,             0.57677,            0.032559,           0.0034537,           0.0032281,            0.007129,            0.007129,            0.007129
                  60,            0.032879,           0.0059499,           0.0057522,             0.93434,             0.95547,             0.98633,             0.66024,            0.030318,           0.0034599,           0.0032762,           0.0070795,           0.0070795,           0.0070795
                  61,            0.029284,           0.0063228,           0.0060674,             0.93723,             0.95228,             0.98226,             0.71033,            0.030501,           0.0034132,           0.0030889,             0.00703,             0.00703,             0.00703
                  62,            0.033031,           0.0060873,           0.0051043,             0.90425,             0.92392,             0.96756,              0.6676,            0.027245,           0.0034242,           0.0030251,           0.0069805,           0.0069805,           0.0069805
                  63,            0.035035,           0.0066284,           0.0059864,             0.92084,             0.99057,             0.98324,              0.5738,            0.031602,           0.0034322,           0.0028323,            0.006931,            0.006931,            0.006931
                  64,            0.030198,           0.0059199,           0.0053341,             0.95974,             0.95283,             0.97809,             0.60079,            0.029492,           0.0034438,           0.0027765,           0.0068815,           0.0068815,           0.0068815
                  65,            0.029525,           0.0059061,           0.0048561,             0.98439,             0.98113,             0.98949,             0.66272,            0.030703,           0.0033472,            0.002702,            0.006832,            0.006832,            0.006832
                  66,             0.03066,           0.0056143,           0.0039569,             0.92774,             0.96887,             0.96842,             0.70658,            0.023237,           0.0033748,           0.0027036,           0.0067825,           0.0067825,           0.0067825
                  67,            0.027087,            0.005864,           0.0039532,             0.91679,             0.98014,             0.97497,             0.64557,            0.031199,           0.0034386,           0.0024251,            0.006733,            0.006733,            0.006733
                  68,            0.031089,           0.0055336,           0.0037116,             0.99673,             0.98113,              0.9854,             0.67741,            0.023411,           0.0033282,           0.0023351,           0.0066835,           0.0066835,           0.0066835
                  69,            0.030452,           0.0061128,           0.0039432,             0.99483,             0.98113,             0.98551,             0.65456,            0.029384,            0.003398,           0.0021784,            0.006634,            0.006634,            0.006634
                  70,            0.027848,           0.0059977,           0.0040757,             0.88185,             0.95214,             0.96407,             0.67959,            0.031149,           0.0033746,           0.0020967,           0.0065845,           0.0065845,           0.0065845
                  71,            0.029412,           0.0063645,           0.0036847,             0.99415,             0.98113,             0.98088,             0.67422,            0.025282,            0.003389,           0.0023549,            0.006535,            0.006535,            0.006535
                  72,            0.028576,           0.0057265,           0.0030253,             0.97116,             0.95892,             0.98732,               0.716,            0.024477,           0.0032866,           0.0023534,           0.0064855,           0.0064855,           0.0064855
                  73,            0.026271,           0.0063807,           0.0043997,             0.96059,             0.98113,             0.98926,             0.73592,             0.02614,           0.0032741,            0.002238,            0.006436,            0.006436,            0.006436
                  74,            0.028698,           0.0057182,           0.0032333,             0.99218,             0.98113,             0.98129,             0.73924,            0.025971,           0.0032868,           0.0021351,           0.0063865,           0.0063865,           0.0063865
                  75,            0.027604,           0.0052876,           0.0030099,             0.96081,             0.97836,             0.98304,             0.67675,             0.02328,           0.0032907,           0.0022011,            0.006337,            0.006337,            0.006337
                  76,            0.026577,           0.0052056,           0.0032329,             0.97077,              0.9798,              0.9811,             0.75316,            0.023268,           0.0031643,           0.0023018,           0.0062875,           0.0062875,           0.0062875
                  77,            0.027346,           0.0054247,           0.0033188,             0.99708,             0.98113,             0.98907,             0.63485,            0.024457,           0.0032065,            0.002367,            0.006238,            0.006238,            0.006238
                  78,            0.027631,           0.0053544,           0.0039493,             0.99794,             0.98113,             0.98066,             0.75417,            0.021654,           0.0030998,           0.0022261,           0.0061885,           0.0061885,           0.0061885
                  79,            0.024039,           0.0050718,           0.0031404,             0.96465,             0.98113,             0.98049,             0.67009,            0.024872,           0.0031288,           0.0019788,            0.006139,            0.006139,            0.006139
                  80,            0.028735,           0.0057906,           0.0030801,             0.94537,             0.98113,             0.98781,             0.70149,            0.025503,           0.0030549,           0.0018188,           0.0060895,           0.0060895,           0.0060895
                  81,            0.028292,           0.0054816,           0.0027585,             0.99693,             0.98113,             0.98033,              0.7153,            0.023174,           0.0030635,           0.0018533,             0.00604,             0.00604,             0.00604
                  82,            0.026877,           0.0056155,           0.0029408,              0.9969,             0.98113,             0.98088,              0.7377,            0.022274,           0.0030764,           0.0018869,           0.0059905,           0.0059905,           0.0059905
                  83,            0.026434,           0.0052689,           0.0026182,             0.99552,             0.98113,              0.9819,             0.73326,            0.019983,           0.0030631,           0.0018795,            0.005941,            0.005941,            0.005941
                  84,             0.02426,           0.0049644,           0.0031193,             0.96869,             0.98113,             0.97568,             0.72796,              0.0237,           0.0030874,           0.0018907,           0.0058915,           0.0058915,           0.0058915
                  85,            0.024351,           0.0058461,           0.0025804,             0.96651,             0.98113,              0.9814,             0.66319,            0.026788,           0.0031234,           0.0017111,            0.005842,            0.005842,            0.005842
                  86,            0.026598,           0.0054796,           0.0021663,             0.99108,             0.98113,             0.98164,              0.7605,            0.024874,           0.0030507,           0.0014778,           0.0057925,           0.0057925,           0.0057925
                  87,            0.025993,           0.0051924,           0.0020352,             0.99682,             0.98113,             0.98998,             0.79325,            0.018074,           0.0029217,           0.0013432,            0.005743,            0.005743,            0.005743
                  88,            0.022017,           0.0048475,            0.002209,             0.87368,             0.97179,              0.9274,             0.59073,            0.025407,           0.0031276,           0.0011501,           0.0056935,           0.0056935,           0.0056935
                  89,            0.027013,           0.0049627,           0.0017344,             0.99007,             0.98113,             0.98124,             0.75044,            0.019945,           0.0029475,            0.001141,            0.005644,            0.005644,            0.005644
                  90,            0.025479,           0.0055935,           0.0016817,             0.99668,             0.98275,             0.99019,             0.79187,            0.021487,           0.0029867,           0.0011468,           0.0055945,           0.0055945,           0.0055945
                  91,            0.022448,           0.0058405,           0.0023912,             0.97093,             0.97133,             0.98808,             0.69886,            0.021603,           0.0029889,           0.0011705,            0.005545,            0.005545,            0.005545
                  92,            0.023918,           0.0049923,           0.0017256,             0.99537,             0.99057,             0.99072,             0.79425,            0.020637,           0.0029566,           0.0012293,           0.0054955,           0.0054955,           0.0054955
                  93,            0.024182,           0.0050116,           0.0019322,             0.99573,             0.98113,             0.98067,             0.75621,            0.019884,            0.002913,           0.0012702,            0.005446,            0.005446,            0.005446
                  94,            0.021776,           0.0051032,           0.0021384,             0.97838,             0.98113,             0.98803,             0.72343,            0.024129,           0.0029549,           0.0013518,           0.0053965,           0.0053965,           0.0053965
                  95,            0.023828,           0.0053016,           0.0019924,             0.98715,             0.98113,             0.98178,             0.70179,             0.02667,           0.0029686,           0.0013039,            0.005347,            0.005347,            0.005347
                  96,            0.026153,           0.0058629,            0.002026,             0.99718,             0.98113,             0.99022,             0.76294,            0.019798,            0.002957,           0.0013414,           0.0052975,           0.0052975,           0.0052975
                  97,            0.022737,           0.0041608,           0.0018431,             0.98664,             0.98113,              0.9804,             0.69998,            0.024373,           0.0029105,           0.0013493,            0.005248,            0.005248,            0.005248
                  98,            0.022718,           0.0049881,           0.0019731,             0.99744,             0.98113,             0.99043,             0.76851,            0.021668,           0.0029279,           0.0013065,           0.0051985,           0.0051985,           0.0051985
                  99,            0.022717,           0.0048498,            0.001678,             0.99751,             0.98113,             0.99038,             0.78873,            0.017082,           0.0028675,           0.0013641,            0.005149,            0.005149,            0.005149
                 100,            0.020655,           0.0045535,           0.0017268,              0.9981,             0.98113,             0.98177,             0.69316,            0.024608,           0.0029874,           0.0013448,           0.0050995,           0.0050995,           0.0050995
                 101,             0.02383,           0.0045531,           0.0029586,              0.9978,             0.98113,             0.98207,             0.76094,            0.017987,           0.0028404,           0.0012976,             0.00505,             0.00505,             0.00505
                 102,            0.022178,           0.0055524,           0.0015779,             0.99799,             0.98113,             0.98201,             0.77497,            0.018041,           0.0028385,           0.0012529,           0.0050005,           0.0050005,           0.0050005
                 103,            0.020064,           0.0051365,           0.0017761,             0.99766,             0.98113,              0.9818,             0.76611,            0.020398,           0.0028655,           0.0011734,            0.004951,            0.004951,            0.004951
                 104,             0.02273,           0.0045907,           0.0016248,             0.99707,             0.98113,             0.98226,             0.79252,            0.019231,           0.0027985,           0.0011415,           0.0049015,           0.0049015,           0.0049015
                 105,            0.022647,           0.0045731,           0.0014618,             0.99722,             0.98113,             0.98231,             0.74363,            0.018557,           0.0028586,           0.0011352,            0.004852,            0.004852,            0.004852
                 106,            0.019428,           0.0044872,           0.0016105,             0.99741,             0.98113,             0.98226,             0.76068,            0.020429,           0.0028707,           0.0010884,           0.0048025,           0.0048025,           0.0048025
                 107,             0.02307,           0.0045106,           0.0018626,             0.99745,             0.98113,             0.98256,             0.81009,            0.017527,           0.0028001,           0.0011264,            0.004753,            0.004753,            0.004753
                 108,            0.021159,              0.0054,           0.0025553,             0.99739,             0.98113,             0.98286,             0.80917,             0.01836,           0.0027749,            0.001132,           0.0047035,           0.0047035,           0.0047035
                 109,            0.019556,           0.0048632,           0.0018119,             0.99703,             0.98113,             0.98211,             0.76593,             0.01988,           0.0028454,           0.0010871,            0.004654,            0.004654,            0.004654
                 110,            0.023575,           0.0045108,           0.0013955,             0.99745,             0.98113,             0.98067,             0.79715,            0.016506,           0.0026918,           0.0011142,           0.0046045,           0.0046045,           0.0046045
                 111,            0.019899,           0.0042324,           0.0013922,             0.99782,             0.98113,             0.99066,               0.786,            0.017661,           0.0027072,           0.0011381,            0.004555,            0.004555,            0.004555
                 112,            0.019178,           0.0050885,           0.0017604,             0.99746,             0.98113,             0.99006,             0.79209,            0.019773,           0.0028209,           0.0011705,           0.0045055,           0.0045055,           0.0045055
                 113,            0.021847,           0.0043286,           0.0015749,             0.99805,             0.98113,             0.98146,             0.75777,            0.018413,           0.0027713,           0.0011744,            0.004456,            0.004456,            0.004456
                 114,            0.021497,           0.0048363,           0.0018086,             0.99796,             0.98113,             0.98572,             0.81178,            0.015178,           0.0026434,           0.0011327,           0.0044065,           0.0044065,           0.0044065
                 115,            0.018975,           0.0046588,           0.0014019,             0.99806,             0.98113,             0.98791,             0.80482,            0.016756,           0.0027151,           0.0011475,            0.004357,            0.004357,            0.004357
                 116,            0.017805,           0.0046744,           0.0014837,             0.99855,             0.98113,             0.99048,             0.77461,            0.020461,           0.0027547,           0.0010857,           0.0043075,           0.0043075,           0.0043075
                 117,            0.021344,           0.0046118,           0.0013805,             0.99825,             0.98113,             0.98971,             0.80877,            0.016003,           0.0026684,           0.0011033,            0.004258,            0.004258,            0.004258
                 118,             0.01794,           0.0046446,            0.001883,              0.9986,             0.98113,             0.98154,             0.79712,            0.019585,           0.0027229,           0.0010708,           0.0042085,           0.0042085,           0.0042085
                 119,            0.020267,           0.0045765,           0.0013265,             0.99773,             0.98113,             0.98085,             0.81523,             0.01761,           0.0026124,           0.0010749,            0.004159,            0.004159,            0.004159
                 120,            0.019394,           0.0046535,           0.0017354,             0.99785,             0.98113,             0.98083,             0.82432,            0.016926,           0.0026356,           0.0010764,           0.0041095,           0.0041095,           0.0041095
                 121,            0.018736,           0.0048251,           0.0020067,             0.99807,             0.98113,             0.98989,             0.80407,            0.018602,           0.0027233,           0.0010502,             0.00406,             0.00406,             0.00406
                 122,            0.018957,           0.0044734,            0.001203,             0.99812,             0.98113,             0.98078,             0.76696,            0.015843,           0.0026344,           0.0009847,           0.0040105,           0.0040105,           0.0040105
                 123,             0.01956,           0.0042022,           0.0011882,             0.99762,             0.98113,             0.98083,              0.8262,             0.01672,           0.0026262,          0.00094455,            0.003961,            0.003961,            0.003961
                 124,            0.018692,           0.0050044,           0.0011939,             0.99743,             0.98113,             0.98974,             0.81871,            0.018126,           0.0026345,          0.00090675,           0.0039115,           0.0039115,           0.0039115
                 125,            0.019179,           0.0050218,           0.0011274,             0.99676,             0.98113,             0.98991,             0.79461,            0.018739,            0.002682,          0.00089248,            0.003862,            0.003862,            0.003862
                 126,            0.020305,            0.004843,           0.0010702,             0.99697,             0.98113,             0.99014,             0.82287,            0.014519,           0.0025485,          0.00086953,           0.0038125,           0.0038125,           0.0038125
                 127,             0.01684,           0.0041802,           0.0010441,             0.99705,             0.98113,             0.98193,             0.82626,            0.019009,            0.002667,           0.0008482,            0.003763,            0.003763,            0.003763
                 128,            0.018858,           0.0042169,           0.0012466,             0.99728,             0.98113,             0.99056,             0.82284,            0.017467,           0.0026401,          0.00087827,           0.0037135,           0.0037135,           0.0037135
                 129,              0.0194,           0.0041438,           0.0010938,             0.99737,             0.98113,             0.98204,              0.8428,            0.014804,           0.0025705,          0.00087948,            0.003664,            0.003664,            0.003664
                 130,            0.018267,           0.0048006,           0.0011337,             0.99746,             0.98113,             0.98198,             0.78324,            0.018602,           0.0026886,          0.00085344,           0.0036145,           0.0036145,           0.0036145
                 131,            0.018049,           0.0040839,            0.001174,             0.99788,             0.98113,             0.98212,             0.74598,            0.017154,           0.0027494,          0.00083421,            0.003565,            0.003565,            0.003565
                 132,            0.019479,           0.0047003,           0.0017119,             0.99803,             0.98113,             0.98439,             0.82207,            0.016028,           0.0026897,          0.00082633,           0.0035155,           0.0035155,           0.0035155
                 133,            0.017917,           0.0047577,           0.0011159,             0.99824,             0.98113,             0.99035,             0.80251,            0.016543,           0.0027151,          0.00080843,            0.003466,            0.003466,            0.003466
                 134,            0.017831,           0.0042541,          0.00099565,              0.9984,             0.98113,             0.98191,             0.81984,            0.014878,           0.0026632,          0.00082769,           0.0034165,           0.0034165,           0.0034165
                 135,            0.017658,           0.0046104,           0.0010822,             0.99843,             0.98113,             0.98183,             0.84215,            0.014266,           0.0026625,          0.00084372,            0.003367,            0.003367,            0.003367
                 136,             0.01765,           0.0045123,           0.0015154,              0.9986,             0.98113,             0.98165,             0.81474,            0.015437,           0.0027373,          0.00084273,           0.0033175,           0.0033175,           0.0033175
                 137,            0.016192,            0.004516,           0.0011266,             0.99855,             0.98113,             0.98091,             0.82917,            0.016946,           0.0026925,          0.00085433,            0.003268,            0.003268,            0.003268
                 138,            0.017541,           0.0041556,           0.0010606,             0.99855,             0.98113,             0.98164,             0.85294,            0.012888,           0.0025709,          0.00086924,           0.0032185,           0.0032185,           0.0032185
                 139,              0.0159,           0.0044403,           0.0010064,             0.99852,             0.98113,             0.99012,             0.84528,            0.016871,           0.0026983,          0.00086406,            0.003169,            0.003169,            0.003169
                 140,             0.01763,           0.0041384,           0.0010609,             0.99829,             0.98113,             0.99011,             0.82565,             0.01452,           0.0026121,          0.00087525,           0.0031195,           0.0031195,           0.0031195
                 141,            0.017544,           0.0038672,           0.0010804,             0.99812,             0.98113,             0.98209,             0.82752,            0.013472,           0.0026327,          0.00086009,             0.00307,             0.00307,             0.00307
                 142,            0.016666,           0.0043968,          0.00095029,             0.99807,             0.98113,             0.99073,             0.86092,            0.014276,           0.0026433,          0.00084082,           0.0030205,           0.0030205,           0.0030205
                 143,            0.015704,           0.0044541,           0.0010307,              0.9979,             0.98113,             0.98214,             0.85149,            0.014028,           0.0026321,          0.00080725,            0.002971,            0.002971,            0.002971
                 144,            0.017732,           0.0041219,           0.0011041,             0.99802,             0.98113,             0.99063,             0.86657,            0.013305,           0.0025851,          0.00078786,           0.0029215,           0.0029215,           0.0029215
                 145,            0.014627,           0.0044344,          0.00095085,             0.99824,             0.98113,             0.98089,             0.80876,            0.015475,            0.002636,          0.00075757,            0.002872,            0.002872,            0.002872
                 146,            0.016672,           0.0040294,          0.00094285,             0.99828,             0.98113,             0.99012,             0.84013,            0.013761,            0.002557,          0.00071402,           0.0028225,           0.0028225,           0.0028225
                 147,            0.016711,           0.0039805,            0.001038,             0.99823,             0.98113,             0.98211,             0.84926,            0.013154,           0.0025612,          0.00070346,            0.002773,            0.002773,            0.002773
                 148,             0.01562,           0.0047268,          0.00091292,             0.99831,             0.98113,             0.98091,             0.83679,            0.014428,           0.0025921,          0.00067536,           0.0027235,           0.0027235,           0.0027235
                 149,            0.015352,           0.0038993,          0.00079514,             0.99869,             0.98113,             0.98197,             0.85576,            0.013792,           0.0025663,          0.00065152,            0.002674,            0.002674,            0.002674
                 150,            0.015045,           0.0044066,          0.00097506,             0.99877,             0.98113,             0.99013,             0.87024,            0.012479,           0.0025436,          0.00064805,           0.0026245,           0.0026245,           0.0026245
                 151,            0.013749,           0.0036993,          0.00070793,              0.9987,             0.98113,             0.98096,             0.85796,            0.014058,           0.0026105,          0.00061684,            0.002575,            0.002575,            0.002575
                 152,            0.017162,           0.0041988,           0.0007397,             0.99865,             0.98113,             0.98885,             0.87737,            0.012937,           0.0025418,           0.0006114,           0.0025255,           0.0025255,           0.0025255
                 153,            0.015351,           0.0040413,          0.00085504,              0.9987,             0.98113,             0.98977,             0.86377,            0.013393,           0.0025688,           0.0006114,            0.002476,            0.002476,            0.002476
                 154,            0.013274,           0.0036574,          0.00067578,             0.99852,             0.98113,              0.9896,             0.86028,            0.015207,            0.002549,          0.00059417,           0.0024265,           0.0024265,           0.0024265
                 155,            0.015195,           0.0040113,          0.00078175,             0.99816,             0.98113,             0.99035,             0.87663,            0.012252,           0.0024761,          0.00058854,            0.002377,            0.002377,            0.002377
                 156,             0.01476,            0.004193,          0.00088786,             0.99808,             0.98113,             0.99015,             0.88065,             0.01187,           0.0024603,          0.00058606,           0.0023275,           0.0023275,           0.0023275
                 157,            0.014774,           0.0043433,           0.0008209,             0.99926,             0.98255,             0.99086,              0.8645,            0.012665,           0.0024815,          0.00057465,            0.002278,            0.002278,            0.002278
                 158,            0.014468,           0.0043592,          0.00073003,             0.99816,             0.98113,             0.99038,             0.88451,            0.011907,           0.0024393,          0.00056616,           0.0022285,           0.0022285,           0.0022285
                 159,            0.013928,           0.0035908,           0.0010992,             0.99824,             0.98113,             0.99056,             0.87696,             0.01197,           0.0024206,          0.00056054,            0.002179,            0.002179,            0.002179
                 160,            0.013361,            0.004205,          0.00074898,             0.99831,             0.98113,             0.98221,             0.85199,            0.013033,           0.0024544,           0.0005407,           0.0021295,           0.0021295,           0.0021295
                 161,              0.0153,            0.004189,          0.00069075,             0.99812,             0.98113,             0.99069,             0.88489,            0.011393,           0.0023903,          0.00052837,             0.00208,             0.00208,             0.00208
                 162,            0.014728,           0.0035693,          0.00092406,             0.99798,             0.98113,             0.99069,             0.87975,             0.01159,           0.0023789,          0.00052017,           0.0020305,           0.0020305,           0.0020305
                 163,             0.01307,           0.0033466,          0.00065496,             0.99794,             0.98113,             0.99067,             0.88185,            0.012185,           0.0023881,          0.00050678,            0.001981,            0.001981,            0.001981
                 164,            0.014452,           0.0041415,          0.00077478,             0.99927,             0.98244,             0.99078,             0.88433,            0.011349,            0.002346,          0.00049559,           0.0019315,           0.0019315,           0.0019315
                 165,             0.01323,           0.0042793,          0.00065689,             0.99792,             0.98113,             0.98999,             0.88127,            0.011358,           0.0023416,          0.00048955,            0.001882,            0.001882,            0.001882
                 166,            0.013581,           0.0039835,          0.00057215,             0.99808,             0.98113,             0.99001,             0.87132,            0.012592,            0.002329,          0.00048415,           0.0018325,           0.0018325,           0.0018325
                 167,            0.013446,           0.0045427,          0.00071925,             0.99814,             0.98113,             0.99001,             0.89614,            0.010589,           0.0022748,          0.00048354,            0.001783,            0.001783,            0.001783
                 168,            0.013252,            0.003987,          0.00085575,              0.9983,             0.98113,              0.9902,             0.88637,            0.011391,           0.0023077,          0.00048351,           0.0017335,           0.0017335,           0.0017335
                 169,            0.012955,           0.0040553,          0.00058517,             0.99843,             0.98113,                0.99,             0.88808,            0.011567,           0.0022941,          0.00047671,            0.001684,            0.001684,            0.001684
                 170,            0.012879,           0.0041061,          0.00090496,             0.99847,             0.98113,             0.98999,             0.89243,            0.010563,           0.0022374,          0.00047296,           0.0016345,           0.0016345,           0.0016345
                 171,            0.013961,           0.0034724,          0.00060605,             0.99849,             0.98113,             0.98106,              0.9026,            0.010997,            0.002281,          0.00046914,            0.001585,            0.001585,            0.001585
                 172,            0.012055,           0.0040497,          0.00054496,             0.99844,             0.98113,             0.98107,             0.89557,             0.01081,           0.0022779,          0.00045923,           0.0015355,           0.0015355,           0.0015355
                 173,            0.012406,           0.0035395,          0.00063299,             0.99844,             0.98113,             0.98999,             0.89947,             0.01036,           0.0022602,          0.00045354,            0.001486,            0.001486,            0.001486
                 174,            0.011734,           0.0036813,           0.0010597,             0.99847,             0.98113,             0.98105,             0.90488,            0.010211,           0.0022469,          0.00044864,           0.0014365,           0.0014365,           0.0014365
                 175,            0.010926,           0.0037885,          0.00060892,             0.99847,             0.98113,             0.99018,             0.91259,            0.010416,           0.0022422,          0.00044069,            0.001387,            0.001387,            0.001387
                 176,            0.011679,           0.0033129,           0.0004907,             0.99846,             0.98113,              0.9902,             0.91215,            0.010136,           0.0022224,          0.00043093,           0.0013375,           0.0013375,           0.0013375
                 177,            0.012241,           0.0034575,          0.00053354,             0.99847,             0.98113,              0.9902,             0.91468,             0.01047,            0.002235,            0.000424,            0.001288,            0.001288,            0.001288
                 178,            0.011222,           0.0039353,           0.0010509,             0.99845,             0.98113,             0.98114,              0.9012,            0.010227,           0.0022361,          0.00041265,           0.0012385,           0.0012385,           0.0012385
                 179,            0.012279,           0.0039806,          0.00049868,             0.99843,             0.98113,             0.98114,              0.9006,            0.010138,           0.0022251,          0.00040449,            0.001189,            0.001189,            0.001189
                 180,            0.011464,           0.0034802,          0.00055793,             0.99835,             0.98113,             0.98115,             0.89762,             0.01031,           0.0022376,          0.00039945,           0.0011395,           0.0011395,           0.0011395
                 181,            0.011408,           0.0035208,          0.00077418,             0.99841,             0.98113,             0.98112,             0.90143,            0.010195,           0.0021823,          0.00039681,             0.00109,             0.00109,             0.00109
                 182,             0.01212,           0.0034296,           0.0005986,             0.99831,             0.98113,             0.98112,             0.91035,           0.0098082,           0.0021687,          0.00038946,           0.0010405,           0.0010405,           0.0010405
                 183,            0.011179,           0.0043671,          0.00051293,             0.99841,             0.98113,             0.99001,             0.91844,           0.0094373,           0.0021617,          0.00038567,            0.000991,            0.000991,            0.000991
                 184,             0.01146,            0.003887,          0.00053325,             0.99842,             0.98113,             0.98111,             0.91249,           0.0097648,           0.0021745,           0.0003758,           0.0009415,           0.0009415,           0.0009415
                 185,            0.011277,           0.0039273,          0.00047485,             0.99833,             0.98113,             0.98118,             0.91066,           0.0097716,           0.0021892,          0.00036453,            0.000892,            0.000892,            0.000892
                 186,            0.011368,           0.0039217,          0.00043475,             0.99829,             0.98113,             0.99021,              0.9126,           0.0094846,           0.0021926,          0.00035826,           0.0008425,           0.0008425,           0.0008425
                 187,            0.010352,           0.0037395,          0.00039354,             0.99823,             0.98113,             0.99021,             0.90681,           0.0098005,           0.0022252,           0.0003459,            0.000793,            0.000793,            0.000793
                 188,            0.010293,           0.0035172,          0.00039625,             0.99833,             0.98113,             0.98118,             0.91264,           0.0095158,           0.0022043,          0.00033518,           0.0007435,           0.0007435,           0.0007435
                 189,            0.010417,           0.0036918,          0.00043825,             0.99835,             0.98113,             0.99022,             0.92039,           0.0094061,           0.0021978,          0.00032884,            0.000694,            0.000694,            0.000694
                 190,            0.010673,           0.0037459,          0.00067389,             0.99838,             0.98113,             0.98119,             0.91614,           0.0095299,           0.0021973,          0.00031951,           0.0006445,           0.0006445,           0.0006445
                 191,            0.011123,           0.0028906,           0.0016285,             0.99836,             0.98113,             0.98119,             0.91699,           0.0092942,           0.0021899,          0.00030786,            0.000595,            0.000595,            0.000595
                 192,            0.010379,           0.0035678,           0.0004081,             0.99841,             0.98113,             0.98119,             0.91545,           0.0093352,           0.0021977,          0.00030397,           0.0005455,           0.0005455,           0.0005455
                 193,            0.010181,           0.0032866,          0.00091777,             0.99842,             0.98113,             0.98122,             0.91964,           0.0092295,           0.0021997,          0.00029661,            0.000496,            0.000496,            0.000496
                 194,            0.010212,           0.0032441,           0.0003942,              0.9984,             0.98113,             0.98121,             0.90898,           0.0092287,           0.0021873,          0.00029098,           0.0004465,           0.0004465,           0.0004465
                 195,             0.01109,            0.003129,          0.00049859,             0.99835,             0.98113,             0.98122,              0.9144,           0.0093176,            0.002181,          0.00028811,            0.000397,            0.000397,            0.000397
                 196,             0.01054,            0.003588,          0.00062246,             0.99858,             0.98113,              0.9812,             0.91971,           0.0090614,           0.0021742,          0.00028353,           0.0003475,           0.0003475,           0.0003475
                 197,             0.01113,           0.0033732,          0.00034003,             0.99863,             0.98113,             0.98115,             0.91366,           0.0090668,           0.0021775,            0.000278,            0.000298,            0.000298,            0.000298
                 198,            0.010545,           0.0034633,          0.00052072,             0.99858,             0.98113,             0.98116,             0.91942,           0.0090436,           0.0021734,          0.00027657,           0.0002485,           0.0002485,           0.0002485
                 199,            0.010419,           0.0034368,          0.00033722,             0.99858,             0.98113,             0.99021,             0.91879,           0.0088895,           0.0021651,          0.00027245,            0.000199,            0.000199,            0.000199
